<?xml version="1.0" encoding="UTF-8"?>
<beans xmlns="http://www.springframework.org/schema/beans"
 xmlns:xsi="http://www.w3.org/2001/XMLSchema-instance"
 xmlns:p="http://www.springframework.org/schema/p"
 xsi:schemaLocation="http://www.springframework.org/schema/beans
 http://www.springframework.org/schema/beans/spring-beans.xsd">
 <bean class="springci.Department" name="deptci">
 <constructor-arg value="IT" />
 </bean>
 <bean class="springci.Employee" name="empci" id="mydept">
 <constructor-arg value="harshita" />
 <constructor-arg value="99" type="int" />
 <constructor-arg ref="deptci" />
 </bean>
 </beans>