<?xml version="1.0" encoding="UTF-8"?>
<beans xmlns="http://www.springframework.org/schema/beans"
	xmlns:xsi="http://www.w3.org/2001/XMLSchema-instance"
	xmlns:p="http://www.springframework.org/schema/p"
	xsi:schemaLocation="http://www.springframework.org/schema/beans
 http://www.springframework.org/schema/beans/spring-beans.xsd">
	<bean class="springcollection.Datatype" name="datacoll">
		<property name="list">
			<list>
				<value>Yash</value>
				<value>Technology</value>
			</list>
		</property>
		<property name="set">
        <set>
        <value>IT</value>
        <value>Sales</value>
        </set>
		</property>
		<property name="map">
		<map>
		<entry key="Company" value="Yash"></entry>
		<entry key="Government" value="India"></entry>
		</map>
		</property>
	</bean>
</beans>