<?xml version="1.0" encoding="UTF-8"?>
<!DOCTYPE hibernate-mapping PUBLIC 
    "-//Hibernate/Hibernate Mapping DTD 3.0//EN"
    "http://www.hibernate.org/dtd/hibernate-mapping-3.0.dtd">
<hibernate-mapping>
	<class name="Address" table="address">
		<id name="addressid">
			<generator class="foreign">
				<param name="property">employee</param>
			</generator>
		</id>
		<property name="addressRoad"></property>
		<property name="city"></property>
		<property name="state"></property>
		<one-to-one name="employee"></one-to-one>
	</class>
</hibernate-mapping>